<?xml version="1.0" encoding="UTF-8"?>
<project-private xmlns="http://www.netbeans.org/ns/project-private/1">
    <editor-bookmarks xmlns="http://www.netbeans.org/ns/editor-bookmarks/2" lastBookmarkId="0"/>
    <open-files xmlns="http://www.netbeans.org/ns/projectui-open-files/2">
        <group>
            <file>file:/E:/PIC_codes/08_uart/uart_04/uart4.X/intp_event_handle.c</file>
            <file>file:/E:/PIC_codes/08_uart/uart_04/uart4.X/Elap_232.c</file>
            <file>file:/E:/PIC_codes/08_uart/uart_04/uart4.X/char_map.h</file>
            <file>file:/E:/PIC_codes/08_uart/uart_04/uart4.X/PC_O.c</file>
            <file>file:/E:/PIC_codes/08_uart/uart_04/uart4.X/PC_O_T1.c</file>
            <file>file:/E:/PIC_codes/08_uart/uart_04/uart4.X/Simple_EOS.c</file>
            <file>file:/E:/PIC_codes/08_uart/uart_04/uart4.X/timer.c</file>
            <file>file:/E:/PIC_codes/08_uart/uart_04/uart4.X/uart.c</file>
            <file>file:/E:/PIC_codes/08_uart/uart_04/uart4.X/isr.c</file>
            <file>file:/E:/PIC_codes/08_uart/uart_04/uart4.X/main.c</file>
        </group>
    </open-files>
</project-private>
