<?xml version="1.0" encoding="UTF-8"?>
<project-private xmlns="http://www.netbeans.org/ns/project-private/1">
    <editor-bookmarks xmlns="http://www.netbeans.org/ns/editor-bookmarks/2" lastBookmarkId="0"/>
    <open-files xmlns="http://www.netbeans.org/ns/projectui-open-files/2">
        <group>
            <file>file:/E:/embedded_C/PIC_codes/00_projects/milk_vending/milk_vending.X/adc.c</file>
            <file>file:/E:/embedded_C/PIC_codes/00_projects/milk_vending/milk_vending.X/appl.c</file>
            <file>file:/E:/embedded_C/PIC_codes/00_projects/milk_vending/milk_vending.X/isr.c</file>
            <file>file:/E:/embedded_C/PIC_codes/00_projects/milk_vending/milk_vending.X/appl.h</file>
            <file>file:/E:/embedded_C/PIC_codes/00_projects/milk_vending/milk_vending.X/timer.c</file>
            <file>file:/E:/embedded_C/PIC_codes/00_projects/milk_vending/milk_vending.X/appl_conf.h</file>
        </group>
    </open-files>
</project-private>
