<?xml version="1.0" encoding="UTF-8"?>
<project-private xmlns="http://www.netbeans.org/ns/project-private/1">
    <editor-bookmarks xmlns="http://www.netbeans.org/ns/editor-bookmarks/2" lastBookmarkId="0"/>
    <open-files xmlns="http://www.netbeans.org/ns/projectui-open-files/2">
        <group>
            <file>file:/E:/embedded_C/PIC%20codes/4lcd/lcd21/lcd21.X/main.c</file>
            <file>file:/E:/embedded_C/PIC%20codes/4lcd/lcd21/lcd21.X/text_oper.c</file>
            <file>file:/E:/embedded_C/PIC%20codes/4lcd/lcd21/lcd21.X/lcd.c</file>
            <file>file:/E:/embedded_C/PIC%20codes/4lcd/lcd21/lcd21.X/text_oper.h</file>
            <file>file:/E:/embedded_C/PIC%20codes/4lcd/lcd21/lcd21.X/uart.c</file>
        </group>
    </open-files>
</project-private>
