<?xml version="1.0" encoding="UTF-8"?>
<project-private xmlns="http://www.netbeans.org/ns/project-private/1">
    <editor-bookmarks xmlns="http://www.netbeans.org/ns/editor-bookmarks/2" lastBookmarkId="0"/>
    <open-files xmlns="http://www.netbeans.org/ns/projectui-open-files/2">
        <group>
            <file>file:/F:/STUDENTS%20PROGRAM/EMBEDDED/arun/PIC_codes/06_adc/adc_10/adc_10.X/isr.c</file>
            <file>file:/F:/STUDENTS%20PROGRAM/EMBEDDED/arun/PIC_codes/06_adc/adc_10/adc_10.X/main.c</file>
            <file>file:/F:/STUDENTS%20PROGRAM/EMBEDDED/arun/PIC_codes/06_adc/adc_10/adc_10.X/intp_event_handle.c</file>
            <file>file:/F:/STUDENTS%20PROGRAM/EMBEDDED/arun/PIC_codes/06_adc/adc_10/adc_10.X/adc.h</file>
            <file>file:/F:/STUDENTS%20PROGRAM/EMBEDDED/arun/PIC_codes/06_adc/adc_10/adc_10.X/adc.c</file>
        </group>
    </open-files>
</project-private>
