<?xml version="1.0" encoding="UTF-8"?>
<project-private xmlns="http://www.netbeans.org/ns/project-private/1">
    <editor-bookmarks xmlns="http://www.netbeans.org/ns/editor-bookmarks/2" lastBookmarkId="0"/>
    <open-files xmlns="http://www.netbeans.org/ns/projectui-open-files/2">
        <group>
            <file>file:/E:/embedded_C/PIC_codes/06_adc/adc_11/adc_11.X/intp_event_handle.c</file>
            <file>file:/E:/embedded_C/PIC_codes/06_adc/adc_10/adc_10.X/appl_conf.h</file>
            <file>file:/E:/embedded_C/PIC_codes/06_adc/adc_10/adc_10.X/io_conf.h</file>
            <file>file:/E:/embedded_C/PIC_codes/06_adc/adc_11/adc_11.X/main.c</file>
            <file>file:/E:/embedded_C/PIC_codes/06_adc/adc_11/adc_11.X/isr.c</file>
        </group>
    </open-files>
</project-private>
