<?xml version="1.0" encoding="UTF-8"?>
<project-private xmlns="http://www.netbeans.org/ns/project-private/1">
    <editor-bookmarks xmlns="http://www.netbeans.org/ns/editor-bookmarks/2" lastBookmarkId="0"/>
    <open-files xmlns="http://www.netbeans.org/ns/projectui-open-files/2">
        <group>
            <file>file:/E:/PIC_codes/00_projects/spray/spray.X/adc.c</file>
            <file>file:/E:/PIC_codes/00_projects/spray/spray.X/isr.c</file>
            <file>file:/E:/PIC_codes/00_projects/spray/spray.X/keyboard.c</file>
            <file>file:/E:/PIC_codes/00_projects/spray/spray.X/intp_event_handle.c</file>
            <file>file:/E:/PIC_codes/00_projects/spray/spray.X/appl.h</file>
            <file>file:/E:/PIC_codes/00_projects/spray/spray.X/keyboard.h</file>
            <file>file:/E:/PIC_codes/00_projects/spray/spray.X/appl_conf.h</file>
            <file>file:/E:/PIC_codes/00_projects/spray/spray.X/lcd.c</file>
            <file>file:/E:/PIC_codes/00_projects/spray/spray.X/uart.c</file>
            <file>file:/E:/PIC_codes/00_projects/spray/spray.X/main.c</file>
        </group>
    </open-files>
</project-private>
