<?xml version="1.0" encoding="UTF-8"?>
<project xmlns="http://www.netbeans.org/ns/project/1">
    <type>com.microchip.mplab.nbide.embedded.makeproject</type>
    <configuration>
        <data xmlns="http://www.netbeans.org/ns/make-project/1">
            <name>uart5</name>
            <creation-uuid>dd67054b-7fc2-4b39-845d-7df39405ccab</creation-uuid>
            <make-project-type>0</make-project-type>
            <c-extensions/>
            <cpp-extensions/>
            <header-extensions/>
            <asminc-extensions/>
            <make-dep-projects/>
            <sourceEncoding>UTF-8</sourceEncoding>
        </data>
    </configuration>
</project>
